Age,Gender,Department,Monthly_Income,Total_Experience,Tenure_At_Co,Overtime_Eligible,Attrition_Status
21.0,Male,Marketing,15596.0,37.0,4.0,No,No
55.0,Non-Binary,Engineering,3470.0,24.0,20.0,Yes,No
29.0,Non-Binary,Sales,7818.0,12.0,11.0,No,No
38.0,Female,Marketing,7348.0,17.0,12.0,Yes,No
24.0,Female,Sales,3213.0,19.0,6.0,Yes,No
25.0,Male,Marketing,4197.0,33.0,25.0,Yes,No
21.0,Female,Engineering,10622.0,37.0,19.0,No,No
43.0,Male,Hr,6658.0,23.0,18.0,No,No
55.0,Female,Sales,16358.0,14.0,4.0,Yes,No
21.0,Female,Marketing,6951.0,37.0,27.0,No,No
43.0,Female,Marketing,8873.0,11.0,6.0,Yes,Yes
20.0,Female,Marketing,9423.0,16.0,13.0,No,No
32.0,Male,Finance,5443.0,28.0,13.0,No,No
28.0,Male,Marketing,7093.0,19.0,16.0,Yes,Yes
40.0,Female,Engineering,12055.0,14.0,8.0,Yes,No
59.0,Male,Finance,12510.0,20.0,15.0,Yes,No
35.0,Male,Hr,9035.0,14.0,0.0,No,No
47.0,Male,Marketing,2969.0,10.0,0.0,Yes,No
57.0,Male,Hr,10557.0,1.0,1.0,Yes,No
56.0,Male,Engineering,4975.0,11.0,3.0,Yes,Yes
37.0,Female,Sales,3521.0,14.0,7.0,No,No
29.0,Female,Engineering,3640.0,9.0,3.0,Yes,Yes
52.0,Male,Hr,8398.0,35.0,10.0,No,No
41.0,Female,Finance,4579.0,1.0,1.0,No,Yes
55.0,Male,Finance,17312.0,10.0,8.0,Yes,No
39.0,Male,Engineering,45683.49132420091,32.0,25.0,No,No
42.0,Female,Engineering,7207.0,20.0,12.0,No,No
46.0,Male,Finance,10889.0,26.0,15.0,No,No
25.0,Female,Finance,14106.0,3.0,1.0,No,Yes
32.0,Male,Engineering,5518.0,26.0,11.0,No,No
52.0,Female,Hr,17902.0,23.0,22.0,Yes,No
47.0,Female,Sales,17680.0,10.0,2.0,Yes,No
21.0,Female,Engineering,14202.0,8.0,0.0,Yes,No
31.0,Male,Engineering,17934.0,21.0,14.0,Yes,No
31.0,Female,Sales,45683.49132420091,30.0,29.0,Yes,Yes
49.0,Female,Marketing,10248.0,29.0,26.0,No,Yes
51.0,Non-Binary,Sales,45683.49132420091,12.0,6.0,No,Yes
53.0,Female,Finance,17396.0,39.0,12.0,Yes,No
32.0,Male,Engineering,4144.0,20.0,19.0,No,No
33.0,Female,Hr,8169.0,4.0,4.0,Yes,No
32.0,Male,Marketing,4377.0,29.0,11.0,Yes,No
55.0,Female,Engineering,4936.0,16.0,12.0,No,Yes
44.0,Male,Marketing,15931.0,8.0,0.0,No,No
29.0,Male,Sales,3478.0,30.0,21.0,No,No
31.0,Female,Sales,6599.0,26.0,10.0,Yes,No
20.0,Non-Binary,Marketing,17544.0,34.0,21.0,Yes,No
43.0,Female,Sales,7143.0,38.0,13.0,No,No
55.0,Male,Hr,13893.0,35.0,7.0,Yes,No
58.0,Female,Engineering,15970.0,9.0,5.0,Yes,No
22.0,Female,Sales,10912.0,34.0,6.0,No,No
39.0,Male,Hr,16505.0,18.0,18.0,Yes,No
38.0,Female,Hr,8715.0,13.0,3.0,Yes,No
47.0,Female,Sales,4159.0,20.0,5.0,Yes,No
55.0,Non-Binary,Marketing,15292.0,39.0,5.0,No,No
49.0,Male,Marketing,10986.0,15.0,11.0,Yes,No
41.0,Non-Binary,Sales,2866.0,22.0,22.0,Yes,No
56.0,Male,Sales,11302.0,36.0,11.0,No,No
53.0,Male,Sales,13618.0,25.0,7.0,No,No
49.0,Female,Marketing,3237.0,35.0,23.0,Yes,No
51.0,Male,Sales,11574.0,1.0,0.0,Yes,Yes
31.0,Non-Binary,Hr,13098.0,23.0,19.0,Yes,No
50.0,Male,Finance,10970.0,28.0,21.0,No,No
31.0,Female,Hr,10421.0,33.0,17.0,No,No
56.0,Female,Marketing,17205.0,1.0,1.0,No,No
43.0,Female,Marketing,2623.0,9.0,2.0,Yes,No
50.0,Female,Finance,6419.0,29.0,2.0,Yes,No
47.0,Male,Marketing,11828.0,10.0,7.0,Yes,No
57.0,Female,Engineering,16877.0,39.0,15.0,No,No
47.0,Male,Hr,6064.0,6.0,6.0,Yes,No
57.0,Female,Hr,4046.0,37.0,30.0,Yes,No
52.0,Female,Finance,4501.0,12.0,10.0,No,No
23.0,Female,Engineering,9018.0,30.0,25.0,Yes,Yes
27.0,Non-Binary,Sales,7122.0,13.0,0.0,Yes,No
48.0,Female,Finance,11518.0,32.0,8.0,No,No
25.0,Female,Finance,7512.0,31.0,22.0,Yes,No
59.0,Non-Binary,Finance,3873.0,7.0,4.0,No,No
34.0,Male,Engineering,11693.0,10.0,0.0,No,No
54.0,Female,Hr,14910.0,28.0,4.0,Yes,No
55.0,Non-Binary,Hr,13293.0,30.0,1.0,No,No
52.0,Male,Sales,4774.0,18.0,0.0,Yes,No
47.0,Male,Finance,16785.0,31.0,27.0,Yes,No
20.0,Non-Binary,Finance,13195.0,36.0,12.0,Yes,No
34.0,Female,Engineering,17249.0,19.0,2.0,No,No
52.0,Female,Sales,9581.0,19.0,0.0,Yes,No
56.0,Female,Engineering,45683.49132420091,19.0,7.0,No,No
47.0,Non-Binary,Marketing,11214.0,19.0,12.0,No,No
37.0,Male,Finance,6654.0,29.0,6.0,No,No
33.0,Male,Engineering,9027.0,19.0,10.0,Yes,Yes
45.0,Male,Sales,5395.0,20.0,18.0,No,No
30.0,Non-Binary,Finance,10176.0,21.0,13.0,No,No
51.0,Non-Binary,Hr,12779.0,31.0,30.0,Yes,No
46.0,Female,Engineering,11058.0,5.0,0.0,No,No
42.0,Male,Engineering,4643.0,10.0,9.0,Yes,No
58.0,Male,Engineering,6053.0,38.0,16.0,No,No
38.0,Male,Marketing,45683.49132420091,18.0,17.0,Yes,No
33.0,Non-Binary,Hr,16278.0,33.0,20.0,No,No
47.0,Female,Marketing,12042.0,35.0,2.0,No,No
22.0,Female,Engineering,17416.0,30.0,10.0,No,No
59.0,Non-Binary,Engineering,11479.0,34.0,18.0,No,No
54.0,Female,Hr,9023.0,16.0,2.0,No,No
23.0,Male,Finance,8414.0,17.0,14.0,Yes,No
35.0,Non-Binary,Marketing,16468.0,36.0,13.0,No,Yes
50.0,Male,Finance,10873.0,34.0,19.0,Yes,No
49.0,Female,Finance,16177.0,11.0,6.0,Yes,No
30.0,Non-Binary,Hr,9290.0,14.0,2.0,No,No
54.0,Female,Engineering,4143.0,12.0,6.0,No,Yes
46.0,Female,Hr,3572.0,29.0,6.0,Yes,Yes
26.0,Female,Engineering,15212.0,37.0,20.0,Yes,No
53.0,Female,Sales,12788.0,19.0,10.0,Yes,No
31.0,Female,Sales,6787.0,10.0,1.0,Yes,No
50.0,Male,Marketing,12754.0,16.0,6.0,No,No
26.0,Female,Engineering,16846.0,16.0,11.0,No,Yes
35.0,Female,Sales,15066.0,18.0,6.0,Yes,No
51.0,Male,Finance,7657.0,7.0,0.0,Yes,No
23.0,Female,Engineering,5438.0,8.0,6.0,No,No
31.0,Non-Binary,Hr,2943.0,33.0,4.0,Yes,No
48.0,Non-Binary,Engineering,15503.0,30.0,9.0,Yes,No
26.0,Female,Finance,13277.0,31.0,7.0,Yes,No
27.0,Female,Hr,6249.0,3.0,2.0,Yes,No
40.0,Non-Binary,Engineering,4930.0,8.0,6.0,Yes,No
45.0,Male,Marketing,4041.0,22.0,15.0,No,Yes
54.0,Male,Hr,14877.0,15.0,7.0,Yes,Yes
27.0,Male,Marketing,17759.0,30.0,22.0,Yes,No
41.0,Non-Binary,Hr,17299.0,21.0,13.0,No,No
25.0,Male,Marketing,13862.0,18.0,16.0,No,No
50.0,Male,Engineering,8014.0,8.0,7.0,No,No
21.0,Female,Hr,9877.0,7.0,5.0,No,Yes
41.0,Female,Engineering,15992.0,4.0,4.0,Yes,No
54.0,Female,Sales,12858.0,30.0,14.0,No,No
59.0,Female,Marketing,14181.0,12.0,9.0,No,No
20.0,Female,Sales,2508.0,36.0,8.0,No,No
26.0,Male,Engineering,9811.0,8.0,2.0,No,No
43.0,Male,Sales,11150.0,8.0,5.0,No,No
38.0,Male,Finance,17706.0,33.0,0.0,Yes,No
28.0,Male,Marketing,3621.0,8.0,5.0,Yes,No
42.0,Male,Marketing,7863.0,10.0,7.0,Yes,No
47.0,Female,Hr,5256.0,32.0,20.0,Yes,No
24.0,Female,Hr,13655.0,30.0,12.0,No,Yes
35.0,Female,Engineering,11581.0,18.0,10.0,No,No
52.0,Male,Finance,10562.0,31.0,11.0,Yes,No
21.0,Female,Finance,6950.0,5.0,5.0,Yes,No
43.0,Male,Finance,10656.0,6.0,4.0,Yes,No
36.0,Female,Finance,15872.0,39.0,19.0,No,Yes
41.0,Female,Finance,12910.0,38.0,0.0,No,No
31.0,Female,Engineering,13483.0,35.0,14.0,No,No
23.0,Female,Finance,14174.0,23.0,13.0,Yes,No
50.0,Female,Marketing,6510.0,7.0,5.0,Yes,No
39.0,Female,Engineering,7596.0,20.0,3.0,Yes,No
53.0,Female,Hr,4562.0,8.0,2.0,No,No
30.0,Female,Hr,45683.49132420091,3.0,0.0,No,No
34.0,Male,Finance,4720.0,20.0,2.0,No,No
51.0,Male,Engineering,9955.0,23.0,22.0,Yes,No
25.0,Non-Binary,Sales,17791.0,12.0,2.0,No,Yes
49.0,Female,Engineering,17682.0,30.0,16.0,No,No
30.0,Non-Binary,Hr,3865.0,4.0,1.0,Yes,No
36.0,Female,Hr,45683.49132420091,21.0,17.0,No,No
43.0,Male,Hr,7220.0,6.0,6.0,Yes,No
20.0,Female,Hr,5769.0,21.0,11.0,No,Yes
27.0,Male,Marketing,17183.0,8.0,4.0,No,No
43.0,Female,Marketing,7754.0,6.0,4.0,Yes,No
56.0,Female,Engineering,9999.0,20.0,9.0,Yes,Yes
45.0,Female,Marketing,4046.0,32.0,25.0,No,No
34.0,Male,Engineering,7407.0,29.0,0.0,No,No
44.0,Non-Binary,Hr,10331.0,5.0,1.0,Yes,No
38.0,Female,Engineering,8703.0,26.0,2.0,No,Yes
20.0,Non-Binary,Finance,8175.0,16.0,3.0,No,No
29.0,Female,Hr,6348.0,19.0,9.0,Yes,Yes
21.0,Non-Binary,Engineering,7707.0,24.0,22.0,Yes,No
32.0,Male,Sales,15937.0,32.0,30.0,No,No
44.0,Male,Engineering,11539.0,38.0,13.0,Yes,No
59.0,Non-Binary,Sales,45683.49132420091,26.0,1.0,Yes,Yes
57.0,Female,Marketing,9860.0,34.0,1.0,Yes,No
38.0,Male,Hr,14698.0,36.0,15.0,Yes,No
22.0,Male,Finance,8298.0,12.0,4.0,Yes,No
50.0,Male,Marketing,11906.0,36.0,15.0,No,No
36.0,Male,Marketing,16916.0,28.0,4.0,Yes,No
49.0,Female,Finance,2784.0,9.0,1.0,No,Yes
54.0,Male,Marketing,11311.0,39.0,17.0,Yes,No
38.0,Female,Hr,5647.0,13.0,9.0,No,No
25.0,Female,Hr,14623.0,27.0,2.0,No,Yes
21.0,Non-Binary,Engineering,11780.0,8.0,2.0,No,No
57.0,Female,Hr,8497.0,30.0,9.0,No,No
48.0,Female,Sales,8292.0,2.0,1.0,No,Yes
26.0,Non-Binary,Sales,17727.0,17.0,2.0,Yes,No
25.0,Female,Sales,9846.0,2.0,2.0,Yes,No
24.0,Non-Binary,Engineering,10402.0,32.0,3.0,No,No
55.0,Male,Hr,11876.0,17.0,17.0,Yes,No
53.0,Female,Marketing,12125.0,12.0,3.0,Yes,No
45.0,Male,Hr,10878.0,31.0,9.0,Yes,No
24.0,Male,Finance,11365.0,30.0,26.0,Yes,Yes
33.0,Non-Binary,Marketing,5534.0,16.0,16.0,No,Yes
49.0,Female,Finance,45683.49132420091,3.0,0.0,Yes,No
32.0,Male,Hr,9630.0,4.0,4.0,Yes,No
28.0,Male,Marketing,6680.0,2.0,0.0,Yes,No
34.0,Female,Sales,45683.49132420091,11.0,7.0,Yes,No
39.0,Male,Hr,8524.0,7.0,7.0,Yes,No
33.0,Male,Sales,3419.0,24.0,8.0,Yes,No
41.0,Female,Marketing,17172.0,25.0,17.0,No,No
31.0,Male,Finance,12861.0,19.0,4.0,Yes,Yes
41.0,Female,Hr,10202.0,12.0,4.0,No,Yes
58.0,Female,Engineering,13891.0,19.0,18.0,Yes,Yes
59.0,Male,Engineering,3725.0,26.0,18.0,Yes,No
45.0,Male,Hr,16025.0,9.0,0.0,No,Yes
26.0,Female,Sales,17142.0,36.0,27.0,Yes,No
47.0,Male,Engineering,5852.0,23.0,2.0,No,Yes
53.0,Male,Engineering,16404.0,5.0,3.0,Yes,No
24.0,Male,Sales,3057.0,18.0,3.0,No,No
54.0,Female,Engineering,4385.0,22.0,17.0,Yes,No
54.0,Female,Marketing,13473.0,27.0,12.0,No,No
58.0,Female,Marketing,4990.0,3.0,3.0,Yes,No
21.0,Female,Sales,6476.0,2.0,2.0,No,No
36.0,Female,Marketing,6291.0,1.0,0.0,No,No
26.0,Female,Finance,16634.0,21.0,18.0,No,No
20.0,Male,Marketing,8173.0,8.0,8.0,Yes,No
41.0,Female,Engineering,3316.0,13.0,13.0,No,No
21.0,Female,Marketing,4991.0,15.0,7.0,Yes,No
23.0,Female,Hr,3717.0,23.0,22.0,No,No
51.0,Female,Marketing,10952.0,20.0,6.0,Yes,No
25.0,Male,Hr,11593.0,2.0,1.0,Yes,No
29.0,Female,Sales,14852.0,22.0,7.0,No,No
53.0,Male,Engineering,7602.0,27.0,0.0,Yes,No
46.0,Non-Binary,Sales,6904.0,21.0,4.0,Yes,No
43.0,Female,Engineering,7408.0,14.0,13.0,Yes,Yes
40.0,Female,Finance,10601.0,15.0,4.0,No,No
33.0,Male,Marketing,14177.0,2.0,1.0,No,No
46.0,Female,Sales,3833.0,4.0,1.0,No,No
58.0,Female,Sales,17432.0,15.0,12.0,No,No
32.0,Male,Finance,7914.0,15.0,1.0,Yes,No
29.0,Female,Engineering,4533.0,24.0,24.0,No,Yes
33.0,Male,Sales,7052.0,15.0,2.0,Yes,No
20.0,Female,Engineering,7241.0,6.0,1.0,No,No
47.0,Male,Engineering,9125.0,24.0,24.0,Yes,No
37.0,Female,Hr,17569.0,9.0,0.0,No,No
32.0,Male,Sales,17201.0,12.0,0.0,No,No
51.0,Female,Engineering,4269.0,20.0,19.0,No,No
31.0,Female,Marketing,14602.0,26.0,20.0,No,No
46.0,Male,Hr,16131.0,37.0,27.0,No,No
55.0,Female,Engineering,17475.0,32.0,8.0,Yes,No
42.0,Non-Binary,Marketing,9486.0,14.0,11.0,No,No
24.0,Non-Binary,Marketing,3997.0,4.0,1.0,Yes,No
32.0,Female,Finance,45683.49132420091,32.0,6.0,No,No
57.0,Female,Finance,12333.0,16.0,9.0,No,No
51.0,Non-Binary,Marketing,8883.0,7.0,5.0,Yes,No
57.0,Female,Hr,11946.0,38.0,4.0,Yes,No
58.0,Female,Engineering,45683.49132420091,28.0,2.0,Yes,No
38.0,Female,Finance,17441.0,12.0,3.0,No,No
59.0,Female,Finance,13285.0,7.0,4.0,Yes,No
41.0,Male,Hr,15325.0,39.0,14.0,Yes,No
26.0,Female,Finance,12647.0,37.0,4.0,No,Yes
41.0,Female,Marketing,10233.0,15.0,9.0,Yes,Yes
44.0,Male,Finance,9743.0,29.0,17.0,Yes,No
59.0,Non-Binary,Finance,9881.0,21.0,5.0,No,No
32.0,Female,Finance,15056.0,2.0,0.0,No,Yes
53.0,Female,Hr,10709.0,10.0,6.0,No,No
52.0,Female,Hr,17960.0,26.0,4.0,Yes,No
51.0,Female,Finance,17254.0,2.0,0.0,No,No
42.0,Male,Hr,7262.0,25.0,0.0,No,No
55.0,Non-Binary,Marketing,11279.0,31.0,6.0,Yes,Yes
23.0,Female,Sales,16594.0,18.0,2.0,Yes,No
21.0,Female,Marketing,9299.0,28.0,10.0,Yes,No
36.0,Male,Finance,14191.0,1.0,0.0,No,No
45.0,Non-Binary,Finance,9094.0,35.0,4.0,Yes,No
22.0,Female,Sales,6287.0,7.0,1.0,Yes,Yes
24.0,Male,Marketing,16513.0,23.0,0.0,No,No
24.0,Male,Finance,9719.0,27.0,15.0,Yes,Yes
39.0,Male,Marketing,5746.0,1.0,1.0,No,No
23.0,Female,Hr,15385.0,11.0,7.0,No,No
32.0,Male,Finance,12169.0,10.0,6.0,No,No
31.0,Non-Binary,Sales,11286.0,11.0,11.0,Yes,No
59.0,Male,Hr,6214.0,35.0,0.0,No,No
49.0,Female,Sales,6003.0,19.0,9.0,Yes,No
32.0,Male,Engineering,9434.0,14.0,12.0,No,No
58.0,Male,Finance,3623.0,28.0,25.0,Yes,No
21.0,Male,Sales,14052.0,37.0,23.0,Yes,No
20.0,Female,Sales,10941.0,19.0,8.0,Yes,No
25.0,Male,Finance,2681.0,33.0,10.0,No,No
55.0,Female,Engineering,12968.0,6.0,4.0,Yes,Yes
24.0,Female,Finance,16515.0,16.0,13.0,Yes,No
40.0,Female,Engineering,5890.0,8.0,0.0,Yes,No
30.0,Male,Finance,7612.0,32.0,12.0,Yes,No
26.0,Female,Finance,4639.0,20.0,14.0,No,Yes
40.0,Female,Finance,14190.0,22.0,2.0,Yes,Yes
47.0,Female,Finance,4462.0,22.0,9.0,Yes,No
47.0,Male,Hr,9733.0,8.0,4.0,No,No
39.0,Female,Sales,7136.0,24.0,0.0,Yes,No
58.0,Male,Marketing,5922.0,4.0,0.0,Yes,Yes
22.0,Male,Hr,6544.0,8.0,2.0,No,No
59.0,Male,Marketing,4375.0,26.0,1.0,No,No
48.0,Male,Marketing,12765.0,12.0,3.0,Yes,No
51.0,Male,Hr,13485.0,26.0,24.0,Yes,No
21.0,Male,Sales,9240.0,23.0,16.0,No,No
29.0,Male,Marketing,16039.0,31.0,0.0,Yes,No
35.0,Female,Marketing,7024.0,27.0,25.0,Yes,Yes
51.0,Male,Sales,10518.0,28.0,27.0,No,No
56.0,Non-Binary,Finance,15030.0,22.0,5.0,Yes,No
51.0,Male,Sales,17772.0,7.0,6.0,Yes,No
43.0,Female,Finance,4268.0,36.0,16.0,No,No
31.0,Female,Sales,9654.0,9.0,5.0,Yes,Yes
24.0,Female,Finance,4030.0,12.0,3.0,Yes,No
35.0,Non-Binary,Finance,8335.0,17.0,2.0,Yes,No
25.0,Non-Binary,Finance,3898.0,28.0,25.0,Yes,No
35.0,Female,Finance,16224.0,4.0,4.0,Yes,No
46.0,Non-Binary,Marketing,13576.0,16.0,8.0,Yes,No
29.0,Female,Finance,11911.0,39.0,18.0,Yes,Yes
56.0,Non-Binary,Sales,9891.0,1.0,1.0,No,No
50.0,Female,Sales,5783.0,21.0,5.0,Yes,No
24.0,Male,Sales,14763.0,1.0,1.0,No,No
57.0,Male,Sales,8472.0,7.0,4.0,Yes,Yes
39.0,Male,Engineering,6266.0,24.0,13.0,No,No
42.0,Female,Engineering,7721.0,37.0,11.0,Yes,Yes
44.0,Male,Marketing,3164.0,23.0,4.0,No,No
53.0,Male,Marketing,11381.0,1.0,0.0,Yes,No
48.0,Female,Sales,14290.0,6.0,4.0,No,No
41.0,Non-Binary,Hr,7297.0,4.0,2.0,Yes,Yes
52.0,Female,Sales,2723.0,25.0,3.0,Yes,No
49.0,Female,Hr,14311.0,33.0,17.0,No,No
24.0,Male,Hr,3933.0,5.0,5.0,No,No
57.0,Female,Marketing,4443.0,6.0,2.0,Yes,No
41.0,Female,Hr,8045.0,29.0,8.0,No,No
28.0,Female,Sales,9602.0,26.0,8.0,No,No
55.0,Female,Hr,8722.0,22.0,18.0,No,No
37.0,Female,Hr,6757.0,6.0,5.0,Yes,No
43.0,Male,Hr,11871.0,5.0,1.0,Yes,No
53.0,Non-Binary,Hr,9063.0,22.0,11.0,No,No
51.0,Male,Marketing,5679.0,39.0,31.0,No,Yes
42.0,Male,Engineering,14445.0,13.0,3.0,Yes,No
20.0,Male,Marketing,15496.0,8.0,7.0,No,No
33.0,Male,Engineering,14717.0,31.0,7.0,Yes,Yes
30.0,Male,Finance,10940.0,34.0,13.0,Yes,No
39.0,Non-Binary,Hr,16753.0,10.0,5.0,No,No
36.0,Female,Engineering,5679.0,27.0,21.0,Yes,No
22.0,Male,Marketing,10043.0,17.0,3.0,Yes,No
48.0,Female,Engineering,16235.0,15.0,14.0,Yes,No
25.0,Male,Finance,9403.0,5.0,3.0,No,Yes
34.0,Male,Sales,11786.0,5.0,0.0,Yes,No
22.0,Female,Marketing,13901.0,22.0,4.0,No,No
35.0,Male,Marketing,16920.0,22.0,8.0,No,No
45.0,Male,Finance,4127.0,24.0,10.0,Yes,No
53.0,Male,Hr,15481.0,4.0,3.0,Yes,No
46.0,Female,Sales,8998.0,27.0,14.0,No,No
44.0,Female,Finance,11007.0,16.0,13.0,No,No
53.0,Female,Engineering,4628.0,26.0,26.0,No,No
28.0,Male,Hr,12877.0,36.0,14.0,No,No
48.0,Female,Finance,3597.0,14.0,13.0,Yes,No
48.0,Female,Marketing,3274.0,19.0,6.0,No,No
47.0,Non-Binary,Marketing,3944.0,21.0,14.0,No,No
22.0,Male,Hr,12334.0,11.0,1.0,No,No
28.0,Non-Binary,Engineering,12786.0,20.0,4.0,No,No
47.0,Male,Finance,9358.0,26.0,16.0,Yes,No
51.0,Female,Finance,4312.0,38.0,24.0,Yes,No
40.0,Male,Hr,9836.0,27.0,6.0,Yes,No
38.0,Female,Engineering,10890.0,13.0,5.0,No,No
54.0,Male,Marketing,45683.49132420091,28.0,19.0,No,No
40.0,Female,Sales,14353.0,38.0,0.0,No,No
31.0,Female,Finance,9104.0,8.0,4.0,Yes,No
21.0,Female,Sales,17629.0,19.0,0.0,Yes,No
35.0,Male,Sales,6884.0,25.0,0.0,Yes,No
55.0,Male,Sales,3904.0,5.0,3.0,Yes,No
49.0,Male,Finance,6830.0,19.0,9.0,No,Yes
23.0,Non-Binary,Engineering,10020.0,35.0,14.0,No,No
51.0,Male,Marketing,6520.0,8.0,5.0,Yes,No
26.0,Male,Sales,14450.0,16.0,14.0,Yes,No
48.0,Non-Binary,Sales,12678.0,23.0,0.0,No,Yes
53.0,Female,Hr,17848.0,22.0,21.0,Yes,No
55.0,Male,Finance,7341.0,20.0,9.0,Yes,No
30.0,Female,Hr,13649.0,10.0,0.0,Yes,No
40.0,Female,Finance,14914.0,15.0,5.0,No,Yes
25.0,Male,Engineering,3034.0,33.0,18.0,Yes,No
59.0,Male,Hr,4277.0,3.0,1.0,No,No
50.0,Male,Marketing,13772.0,29.0,7.0,No,No
31.0,Non-Binary,Sales,8688.0,38.0,26.0,No,No
46.0,Male,Marketing,8454.0,2.0,0.0,Yes,No
54.0,Male,Marketing,11160.0,23.0,20.0,No,Yes
49.0,Male,Finance,15508.0,34.0,30.0,No,No
43.0,Non-Binary,Finance,17128.0,3.0,3.0,Yes,No
29.0,Male,Marketing,6178.0,3.0,1.0,Yes,No
25.0,Female,Sales,8868.0,14.0,1.0,Yes,No
25.0,Male,Finance,15301.0,32.0,30.0,Yes,Yes
40.0,Male,Sales,45683.49132420091,23.0,6.0,No,No
56.0,Female,Marketing,45683.49132420091,15.0,2.0,No,No
39.0,Female,Hr,2740.0,23.0,10.0,No,No
25.0,Non-Binary,Finance,13827.0,30.0,12.0,No,No
51.0,Male,Marketing,9939.0,23.0,11.0,No,Yes
52.0,Non-Binary,Finance,5223.0,6.0,4.0,No,Yes
33.0,Female,Hr,7651.0,9.0,2.0,No,No
55.0,Male,Finance,8904.0,29.0,17.0,Yes,Yes
34.0,Female,Hr,45683.49132420091,10.0,3.0,No,Yes
43.0,Female,Finance,15615.0,1.0,1.0,No,No
44.0,Female,Engineering,14978.0,19.0,14.0,Yes,No
46.0,Female,Hr,13247.0,28.0,22.0,No,No
40.0,Male,Engineering,16847.0,4.0,2.0,Yes,No
29.0,Female,Sales,12459.0,8.0,6.0,Yes,No
27.0,Female,Marketing,14289.0,9.0,7.0,Yes,No
43.0,Female,Finance,12461.0,33.0,19.0,No,Yes
59.0,Male,Engineering,11975.0,5.0,3.0,Yes,No
28.0,Male,Engineering,16952.0,7.0,3.0,Yes,No
48.0,Male,Marketing,4420.0,38.0,13.0,No,Yes
20.0,Male,Engineering,16211.0,9.0,7.0,Yes,No
40.0,Male,Sales,13859.0,18.0,17.0,No,No
33.0,Male,Finance,12380.0,32.0,17.0,Yes,No
33.0,Non-Binary,Marketing,9026.0,22.0,8.0,Yes,No
42.0,Female,Finance,2773.0,1.0,1.0,Yes,No
45.0,Female,Marketing,17771.0,36.0,15.0,Yes,No
43.0,Female,Sales,45683.49132420091,36.0,18.0,No,No
53.0,Female,Sales,15989.0,2.0,1.0,No,No
54.0,Male,Marketing,45683.49132420091,24.0,3.0,No,No
32.0,Female,Finance,45683.49132420091,14.0,8.0,No,No
37.0,Male,Sales,6780.0,11.0,0.0,No,No
54.0,Male,Finance,5947.0,3.0,2.0,Yes,No
58.0,Female,Hr,10200.0,12.0,11.0,No,No
22.0,Male,Finance,6876.0,25.0,7.0,Yes,No
24.0,Female,Sales,11352.0,22.0,8.0,Yes,No
37.0,Female,Finance,6772.0,29.0,7.0,No,No
31.0,Non-Binary,Finance,5937.0,4.0,0.0,Yes,No
59.0,Male,Engineering,2962.0,34.0,11.0,Yes,Yes
43.0,Male,Marketing,17085.0,6.0,1.0,Yes,No
49.0,Female,Finance,45683.49132420091,36.0,6.0,No,Yes
58.0,Female,Engineering,14794.0,26.0,16.0,No,Yes
51.0,Male,Engineering,16470.0,13.0,12.0,No,No
30.0,Female,Finance,14244.0,22.0,5.0,No,No
45.0,Female,Marketing,12967.0,26.0,15.0,Yes,No
52.0,Male,Finance,4940.0,34.0,13.0,No,No
24.0,Male,Engineering,10301.0,10.0,0.0,Yes,No
22.0,Non-Binary,Engineering,14292.0,9.0,2.0,No,No
34.0,Non-Binary,Sales,15972.0,21.0,9.0,No,No
38.0,Male,Sales,11082.0,34.0,17.0,Yes,No
51.0,Male,Marketing,14189.0,25.0,18.0,No,No
46.0,Male,Hr,2517.0,35.0,20.0,Yes,No
40.0,Female,Engineering,15809.0,21.0,10.0,No,No
27.0,Female,Finance,13019.0,38.0,10.0,No,No
24.0,Male,Engineering,13604.0,10.0,10.0,No,No
44.0,Female,Finance,3464.0,23.0,1.0,Yes,No
33.0,Female,Engineering,12987.0,39.0,29.0,Yes,Yes
31.0,Female,Finance,15026.0,18.0,6.0,No,No
57.0,Male,Engineering,16741.0,29.0,16.0,No,No
55.0,Male,Engineering,3812.0,14.0,13.0,Yes,No
45.0,Male,Engineering,12820.0,19.0,7.0,Yes,No
50.0,Female,Marketing,12455.0,31.0,13.0,No,No
22.0,Female,Hr,7499.0,5.0,0.0,Yes,No
46.0,Male,Hr,4805.0,27.0,16.0,No,No
59.0,Male,Marketing,15419.0,17.0,16.0,No,No
34.0,Non-Binary,Hr,17346.0,28.0,23.0,No,No
39.0,Female,Marketing,6051.0,12.0,11.0,Yes,No
41.0,Female,Sales,16983.0,38.0,21.0,No,No
32.0,Male,Hr,17322.0,34.0,3.0,No,No
28.0,Non-Binary,Finance,13194.0,38.0,19.0,No,No
57.0,Male,Finance,45683.49132420091,23.0,17.0,No,No
57.0,Female,Engineering,16074.0,32.0,6.0,No,No
45.0,Male,Engineering,45683.49132420091,22.0,15.0,Yes,No
49.0,Non-Binary,Hr,16759.0,25.0,5.0,Yes,Yes
29.0,Male,Sales,14106.0,12.0,4.0,Yes,No
33.0,Female,Engineering,10945.0,5.0,1.0,Yes,Yes
49.0,Female,Sales,11526.0,25.0,13.0,No,No
36.0,Female,Hr,14511.0,11.0,8.0,No,No
29.0,Non-Binary,Engineering,17908.0,15.0,8.0,No,No
44.0,Non-Binary,Sales,5746.0,27.0,8.0,Yes,No
48.0,Female,Marketing,16989.0,30.0,17.0,Yes,No
44.0,Male,Hr,10281.0,33.0,27.0,No,No
36.0,Female,Engineering,6701.0,30.0,4.0,No,No
23.0,Non-Binary,Engineering,7165.0,32.0,17.0,No,No
40.0,Female,Finance,3552.0,31.0,25.0,No,No
48.0,Male,Marketing,13684.0,14.0,0.0,Yes,No
35.0,Male,Engineering,8075.0,33.0,18.0,No,No
29.0,Non-Binary,Finance,2974.0,22.0,6.0,No,No
54.0,Male,Finance,8885.0,33.0,24.0,No,Yes
24.0,Female,Engineering,12558.0,7.0,4.0,No,No
37.0,Male,Engineering,5937.0,32.0,10.0,Yes,No
39.0,Female,Engineering,17974.0,21.0,7.0,Yes,No
34.0,Female,Marketing,3191.0,7.0,2.0,Yes,No
39.0,Female,Hr,17738.0,21.0,14.0,Yes,No
28.0,Male,Finance,5608.0,24.0,2.0,Yes,No
37.0,Male,Engineering,3705.0,17.0,5.0,No,No
29.0,Male,Hr,6573.0,17.0,13.0,No,Yes
56.0,Male,Finance,7922.0,30.0,26.0,Yes,No
31.0,Male,Finance,8747.0,13.0,10.0,No,No
34.0,Female,Engineering,11270.0,33.0,10.0,Yes,No
21.0,Female,Hr,15897.0,2.0,1.0,No,No
59.0,Non-Binary,Engineering,13464.0,18.0,5.0,No,No
45.0,Non-Binary,Hr,5956.0,19.0,17.0,Yes,No
27.0,Male,Sales,14343.0,17.0,4.0,Yes,No
27.0,Female,Sales,16952.0,37.0,12.0,Yes,No
58.0,Male,Finance,17742.0,25.0,16.0,No,No
41.0,Male,Hr,9158.0,24.0,7.0,No,No
51.0,Female,Marketing,10921.0,31.0,26.0,Yes,No
59.0,Non-Binary,Finance,5848.0,9.0,5.0,No,No
27.0,Male,Finance,14558.0,4.0,4.0,No,No
55.0,Non-Binary,Finance,4538.0,32.0,25.0,No,No
41.0,Female,Finance,8527.0,37.0,28.0,Yes,No
29.0,Female,Finance,17485.0,21.0,19.0,Yes,No
27.0,Male,Engineering,45683.49132420091,37.0,4.0,No,No
58.0,Female,Marketing,6474.0,4.0,1.0,Yes,No
50.0,Female,Marketing,11945.0,19.0,17.0,Yes,Yes
55.0,Female,Sales,10368.0,17.0,12.0,No,No
39.0,Male,Finance,4858.0,5.0,4.0,Yes,No
53.0,Male,Finance,17325.0,6.0,5.0,No,No
51.0,Female,Hr,17974.0,26.0,7.0,Yes,No
56.0,Female,Marketing,14615.0,33.0,21.0,Yes,No
31.0,Female,Marketing,4038.0,18.0,13.0,Yes,No
35.0,Female,Hr,11140.0,33.0,6.0,No,No
29.0,Male,Finance,12277.0,13.0,0.0,No,Yes
57.0,Male,Hr,13250.0,34.0,8.0,Yes,No
45.0,Male,Hr,16525.0,8.0,0.0,No,No
42.0,Male,Engineering,3401.0,1.0,1.0,No,No
58.0,Male,Finance,12737.0,2.0,1.0,No,No
45.0,Male,Finance,11326.0,35.0,15.0,Yes,No
53.0,Female,Engineering,45683.49132420091,1.0,0.0,Yes,No
40.24375,Female,Finance,45683.49132420091,17.54375,10.00625,Yes,No
50.0,Non-Binary,Hr,36276.0,23.0,3.0,Yes,Yes
36.0,Non-Binary,Engineering,109530.0,7.0,14.0,No,No
29.0,Female,Engineering,53499.0,17.0,14.0,Yes,Yes
42.0,Female,Finance,118576.0,12.0,4.0,Yes,No
40.0,Female,Finance,112495.0,9.0,12.0,Yes,No
44.0,Female,Engineering,101635.0,15.0,17.0,Yes,No
32.0,Female,Finance,115112.0,18.0,7.0,Yes,Yes
32.0,Non-Binary,Sales,65946.0,21.0,9.0,No,No
45.0,Non-Binary,Engineering,85204.0,13.0,3.0,No,No
57.0,Female,Finance,81886.0,21.0,13.0,No,No
45.0,Male,Engineering,101652.0,8.0,15.0,Yes,No
24.0,Female,Hr,45563.0,14.0,18.0,No,No
43.0,Male,Marketing,39847.0,8.0,19.0,Yes,No
23.0,Female,Engineering,56155.0,14.0,1.0,Yes,No
45.0,Female,Marketing,109671.0,7.0,6.0,No,No
51.0,Non-Binary,Finance,113310.0,23.0,2.0,No,Yes
23.0,Male,Marketing,97278.0,12.0,14.0,Yes,No
42.0,Male,Engineering,48309.0,11.0,6.0,Yes,No
54.0,Non-Binary,Hr,30619.0,22.0,14.0,No,No
33.0,Non-Binary,Finance,113194.0,22.0,4.0,No,No
43.0,Non-Binary,Engineering,80108.0,11.0,8.0,No,No
46.0,Non-Binary,Finance,64707.0,25.0,3.0,No,No
48.0,Male,Sales,50337.0,22.0,19.0,Yes,No
49.0,Male,Marketing,111537.0,28.0,14.0,No,No
37.0,Female,Sales,96504.0,29.0,17.0,No,No
36.0,Female,Engineering,77614.0,13.0,8.0,No,No
24.0,Non-Binary,Hr,30281.0,18.0,14.0,Yes,No
28.0,Non-Binary,Finance,57420.0,2.0,6.0,Yes,Yes
42.0,Non-Binary,Marketing,110896.0,29.0,16.0,Yes,No
30.0,Female,Finance,69030.0,21.0,19.0,Yes,No
39.0,Female,Engineering,31058.0,15.0,14.0,No,No
25.0,Female,Finance,116213.0,20.0,19.0,Yes,No
46.0,Female,Marketing,106260.0,27.0,3.0,No,No
35.0,Female,Engineering,58404.0,18.0,10.0,No,No
30.0,Female,Finance,59856.0,15.0,19.0,No,Yes
47.0,Female,Hr,39200.0,19.0,9.0,No,No
23.0,Non-Binary,Engineering,94178.0,23.0,13.0,Yes,Yes
41.0,Non-Binary,Engineering,63997.0,24.0,7.0,Yes,No
49.0,Non-Binary,Hr,55611.0,12.0,14.0,Yes,No
28.0,Non-Binary,Sales,71235.0,13.0,9.0,No,No
29.0,Female,Marketing,65057.0,22.0,19.0,No,No
56.0,Male,Sales,31239.0,11.0,15.0,No,No
35.0,Female,Finance,95661.0,5.0,14.0,No,No
38.0,Male,Hr,75272.0,29.0,6.0,No,No
57.0,Non-Binary,Sales,119393.0,1.0,4.0,Yes,No
25.0,Female,Engineering,91212.0,24.0,8.0,No,No
23.0,Non-Binary,Finance,45398.0,3.0,17.0,Yes,Yes
27.0,Female,Finance,86503.0,22.0,9.0,No,No
25.0,Non-Binary,Sales,36638.0,19.0,1.0,No,No
50.0,Male,Sales,36570.0,23.0,14.0,Yes,Yes
39.0,Male,Hr,98785.0,29.0,11.0,Yes,No
47.0,Male,Marketing,39110.0,7.0,3.0,No,No
55.0,Female,Sales,109141.0,12.0,9.0,No,No
31.0,Male,Sales,42115.0,15.0,14.0,No,No
57.0,Female,Engineering,69062.0,25.0,9.0,No,No
35.0,Male,Finance,52911.0,5.0,4.0,Yes,Yes
52.0,Male,Marketing,62556.0,15.0,4.0,No,No
36.0,Female,Engineering,108131.0,8.0,8.0,Yes,No
29.0,Female,Hr,31969.0,10.0,2.0,No,No
35.0,Male,Hr,73753.0,26.0,9.0,Yes,No
44.0,Female,Sales,112811.0,16.0,14.0,Yes,No
42.0,Male,Sales,34470.0,8.0,9.0,No,No
37.0,Female,Hr,40225.0,1.0,16.0,Yes,No
39.0,Non-Binary,Sales,53196.0,12.0,17.0,No,Yes
45.0,Non-Binary,Marketing,43669.0,5.0,16.0,Yes,No
47.0,Non-Binary,Sales,67380.0,3.0,12.0,No,No
46.0,Non-Binary,Finance,78320.0,1.0,3.0,Yes,Yes
50.0,Non-Binary,Sales,77414.0,4.0,11.0,No,No
36.0,Male,Engineering,45577.0,8.0,14.0,No,No
22.0,Non-Binary,Marketing,118009.0,3.0,18.0,Yes,No
46.0,Non-Binary,Engineering,85409.0,10.0,5.0,Yes,No
28.0,Non-Binary,Engineering,58625.0,2.0,16.0,Yes,No
30.0,Non-Binary,Finance,111040.0,11.0,5.0,Yes,No
45.0,Female,Marketing,54089.0,25.0,3.0,No,No
22.0,Male,Marketing,66487.0,10.0,12.0,Yes,Yes
29.0,Non-Binary,Marketing,95838.0,21.0,1.0,No,No
45.0,Non-Binary,Marketing,80138.0,14.0,9.0,Yes,No
32.0,Non-Binary,Marketing,72823.0,7.0,9.0,No,No
38.0,Male,Finance,67208.0,27.0,4.0,No,No
29.0,Female,Sales,84061.0,27.0,3.0,No,No
56.0,Male,Engineering,60659.0,2.0,17.0,No,No
56.0,Female,Marketing,61890.0,9.0,2.0,Yes,Yes
54.0,Non-Binary,Sales,109134.0,16.0,1.0,Yes,No
26.0,Non-Binary,Sales,77055.0,13.0,8.0,No,Yes
49.0,Male,Engineering,49508.0,9.0,13.0,Yes,No
28.0,Male,Finance,72287.0,20.0,15.0,Yes,Yes
30.0,Female,Hr,108916.0,4.0,8.0,No,No
29.0,Female,Hr,56984.0,22.0,12.0,Yes,No
33.0,Male,Sales,38125.0,10.0,12.0,Yes,No
55.0,Female,Engineering,66059.0,26.0,14.0,Yes,Yes
54.0,Male,Hr,99569.0,26.0,15.0,No,No
44.0,Female,Sales,47087.0,22.0,15.0,Yes,No
45.0,Male,Finance,35704.0,12.0,9.0,No,No
56.0,Male,Hr,90576.0,17.0,19.0,Yes,No
43.0,Male,Sales,103384.0,14.0,8.0,Yes,No
48.0,Female,Sales,117128.0,14.0,19.0,Yes,No
56.0,Female,Marketing,102460.0,25.0,6.0,No,No
22.0,Female,Finance,57208.0,2.0,19.0,No,No
56.0,Male,Marketing,115150.0,21.0,4.0,Yes,No
35.0,Female,Engineering,96024.0,25.0,7.0,No,No
24.0,Female,Marketing,69882.0,20.0,4.0,Yes,Yes
22.0,Male,Marketing,55923.0,11.0,12.0,No,Yes
26.0,Non-Binary,Hr,59165.0,16.0,13.0,No,Yes
47.0,Male,Sales,97203.0,19.0,3.0,Yes,No
35.0,Female,Finance,34114.0,23.0,12.0,Yes,No
48.0,Male,Marketing,94965.0,6.0,2.0,Yes,No
30.0,Non-Binary,Finance,66321.0,24.0,2.0,Yes,No
36.0,Male,Marketing,103297.0,19.0,9.0,No,Yes
36.0,Female,Engineering,55426.0,5.0,1.0,No,No
47.0,Non-Binary,Marketing,47772.0,26.0,8.0,No,No
34.0,Female,Hr,33712.0,4.0,6.0,Yes,No
53.0,Non-Binary,Sales,31367.0,15.0,6.0,Yes,Yes
53.0,Non-Binary,Engineering,81924.0,29.0,18.0,No,No
25.0,Male,Marketing,33726.0,4.0,17.0,Yes,No
51.0,Male,Finance,119152.0,20.0,12.0,No,No
44.0,Female,Engineering,57723.0,10.0,6.0,No,No
36.0,Male,Engineering,39108.0,24.0,8.0,No,No
50.0,Male,Marketing,107714.0,22.0,19.0,No,No
57.0,Non-Binary,Engineering,65643.0,3.0,10.0,No,No
34.0,Male,Finance,61324.0,26.0,1.0,Yes,No
53.0,Non-Binary,Engineering,113360.0,5.0,13.0,Yes,No
28.0,Non-Binary,Finance,38927.0,6.0,17.0,Yes,No
43.0,Non-Binary,Marketing,52443.0,21.0,3.0,No,No
49.0,Female,Sales,109973.0,22.0,8.0,No,No
23.0,Female,Engineering,93449.0,8.0,14.0,No,No
27.0,Female,Sales,106743.0,7.0,3.0,No,No
49.0,Non-Binary,Finance,90233.0,21.0,16.0,Yes,No
49.0,Female,Engineering,55537.0,10.0,13.0,Yes,Yes
41.0,Female,Hr,107576.0,6.0,17.0,No,No
51.0,Male,Sales,52612.0,14.0,13.0,No,No
32.0,Female,Engineering,36471.0,4.0,6.0,No,No
49.0,Female,Sales,65631.0,28.0,17.0,Yes,No
46.0,Non-Binary,Engineering,61348.0,25.0,14.0,Yes,No
54.0,Non-Binary,Marketing,94732.0,13.0,17.0,Yes,No
22.0,Non-Binary,Sales,31177.0,20.0,8.0,No,No
48.0,Non-Binary,Hr,34760.0,17.0,11.0,No,No
34.0,Non-Binary,Hr,62779.0,23.0,1.0,Yes,No
24.0,Non-Binary,Finance,51636.0,7.0,7.0,No,No
27.0,Female,Engineering,111889.0,4.0,17.0,Yes,No
29.0,Non-Binary,Sales,83551.0,29.0,10.0,No,No
48.0,Non-Binary,Finance,41556.0,14.0,11.0,Yes,No
30.0,Male,Sales,57598.0,3.0,9.0,No,Yes
54.0,Female,Engineering,41563.0,24.0,9.0,Yes,No
45.0,Female,Hr,76819.0,5.0,5.0,Yes,Yes
36.0,Female,Marketing,103770.0,16.0,17.0,Yes,No
53.0,Non-Binary,Hr,56966.0,26.0,9.0,Yes,Yes
53.0,Non-Binary,Finance,111709.0,23.0,17.0,Yes,Yes
45.0,Non-Binary,Marketing,89889.0,20.0,19.0,Yes,No
33.0,Male,Finance,56987.0,4.0,7.0,No,No
23.0,Non-Binary,Engineering,108714.0,24.0,9.0,No,No
24.0,Male,Marketing,88348.0,24.0,7.0,No,No
38.0,Female,Finance,54596.0,2.0,13.0,Yes,No
23.0,Non-Binary,Engineering,63174.0,18.0,11.0,Yes,No
23.0,Male,Hr,94106.0,19.0,14.0,No,No
49.0,Male,Engineering,99967.0,28.0,19.0,Yes,No
44.0,Non-Binary,Sales,89182.0,28.0,11.0,Yes,No
53.0,Female,Engineering,117163.0,19.0,13.0,Yes,No
54.0,Female,Engineering,69310.0,17.0,14.0,Yes,No
22.0,Female,Sales,86088.0,14.0,13.0,Yes,No
40.0,Male,Finance,38906.0,19.0,1.0,No,No
23.0,Male,Finance,66914.0,22.0,8.0,No,No
47.0,Male,Engineering,75379.0,24.0,12.0,No,No
53.0,Male,Sales,108612.0,13.0,19.0,No,No
27.0,Female,Sales,67650.0,12.0,12.0,No,No
53.0,Non-Binary,Hr,76881.0,26.0,8.0,Yes,No
25.0,Male,Finance,76413.0,6.0,8.0,Yes,No
32.0,Male,Marketing,36012.0,21.0,13.0,Yes,No
38.0,Female,Finance,80115.0,4.0,12.0,Yes,No
45.0,Non-Binary,Finance,37151.0,19.0,16.0,No,No
26.0,Non-Binary,Hr,87716.0,16.0,1.0,No,No
55.0,Female,Marketing,66378.0,13.0,13.0,No,No
27.0,Female,Hr,72652.0,4.0,7.0,Yes,No
43.0,Non-Binary,Marketing,102430.0,23.0,5.0,No,No
32.0,Male,Engineering,43467.0,17.0,8.0,Yes,Yes
37.0,Non-Binary,Marketing,61010.0,23.0,14.0,No,No
54.0,Female,Hr,84691.0,1.0,13.0,No,No
30.0,Male,Finance,94157.0,18.0,15.0,Yes,No
27.0,Male,Marketing,42289.0,20.0,17.0,Yes,No
37.0,Female,Marketing,74976.0,17.0,15.0,No,No
50.0,Female,Sales,73596.0,27.0,18.0,No,No
24.0,Female,Finance,53171.0,28.0,18.0,Yes,No
41.0,Non-Binary,Engineering,116365.0,27.0,2.0,No,Yes
57.0,Non-Binary,Hr,74139.0,15.0,4.0,No,No
40.0,Male,Engineering,78713.0,11.0,1.0,Yes,No
47.0,Female,Finance,59734.0,25.0,4.0,No,No
24.0,Male,Marketing,102588.0,28.0,18.0,Yes,No
40.0,Male,Marketing,93646.0,22.0,5.0,No,No
41.0,Male,Finance,33654.0,13.0,19.0,Yes,No
53.0,Male,Marketing,119022.0,1.0,15.0,No,No
28.0,Female,Marketing,48743.0,17.0,8.0,Yes,No
54.0,Male,Marketing,78368.0,6.0,17.0,No,No
39.0,Female,Hr,104172.0,4.0,1.0,Yes,Yes
22.0,Female,Hr,36441.0,20.0,12.0,No,No
32.0,Non-Binary,Sales,54611.0,16.0,19.0,No,No
49.0,Female,Engineering,42149.0,15.0,15.0,No,No
46.0,Non-Binary,Finance,89189.0,27.0,9.0,No,Yes
44.0,Female,Finance,51675.0,15.0,7.0,No,No
52.0,Female,Finance,101031.0,6.0,2.0,No,No
51.0,Female,Sales,72668.0,15.0,9.0,No,Yes
56.0,Non-Binary,Hr,43673.0,14.0,10.0,No,No
28.0,Non-Binary,Sales,106666.0,28.0,2.0,No,No
37.0,Male,Finance,118204.0,11.0,19.0,Yes,No
47.0,Non-Binary,Engineering,110758.0,7.0,11.0,Yes,No
23.0,Non-Binary,Marketing,95429.0,9.0,13.0,No,No
22.0,Non-Binary,Hr,53669.0,26.0,10.0,Yes,No
33.0,Non-Binary,Hr,64068.0,16.0,14.0,No,No
26.0,Male,Sales,118789.0,5.0,18.0,No,No
53.0,Non-Binary,Hr,39435.0,25.0,19.0,Yes,Yes
30.0,Female,Finance,82249.0,20.0,9.0,No,No
56.0,Female,Finance,67384.0,29.0,7.0,No,No
40.0,Non-Binary,Sales,111929.0,10.0,3.0,Yes,No
37.0,Non-Binary,Finance,106153.0,18.0,6.0,Yes,No
24.0,Female,Engineering,105388.0,3.0,2.0,No,No
41.0,Female,Sales,61401.0,13.0,6.0,Yes,Yes
45.0,Male,Engineering,101831.0,11.0,3.0,Yes,No
54.0,Female,Marketing,64084.0,17.0,16.0,No,No
45.0,Female,Engineering,85826.0,22.0,8.0,Yes,No
32.0,Non-Binary,Marketing,66451.0,13.0,2.0,Yes,No
29.0,Female,Marketing,37227.0,6.0,17.0,No,No
57.0,Male,Engineering,61910.0,17.0,9.0,Yes,No
41.0,Female,Sales,66041.0,27.0,12.0,Yes,No
56.0,Non-Binary,Finance,118920.0,13.0,3.0,No,No
46.0,Non-Binary,Finance,95681.0,19.0,11.0,No,No
56.0,Female,Marketing,111571.0,21.0,1.0,No,No
46.0,Non-Binary,Marketing,95481.0,19.0,13.0,Yes,No
50.0,Male,Sales,98576.0,10.0,15.0,No,Yes
39.0,Male,Hr,94174.0,3.0,5.0,No,No
39.0,Female,Engineering,56160.0,14.0,17.0,Yes,No
23.0,Female,Marketing,47633.0,26.0,6.0,No,No
56.0,Female,Finance,47014.0,19.0,11.0,No,No
37.0,Non-Binary,Sales,110532.0,5.0,18.0,No,No
57.0,Male,Engineering,79104.0,29.0,4.0,No,No
54.0,Male,Sales,71621.0,5.0,3.0,Yes,No
25.0,Non-Binary,Engineering,107231.0,20.0,13.0,No,No
54.0,Male,Engineering,98388.0,17.0,9.0,No,Yes
35.0,Female,Marketing,46014.0,21.0,6.0,Yes,No
42.0,Female,Sales,63755.0,10.0,12.0,No,No
41.0,Female,Sales,70390.0,5.0,2.0,Yes,No
29.0,Male,Finance,53711.0,4.0,3.0,Yes,No
28.0,Female,Finance,87993.0,6.0,3.0,Yes,No
24.0,Non-Binary,Marketing,104696.0,26.0,12.0,No,No
38.0,Non-Binary,Marketing,57213.0,4.0,15.0,Yes,No
54.0,Male,Hr,87784.0,7.0,9.0,Yes,No
33.0,Non-Binary,Finance,37421.0,7.0,8.0,Yes,No
43.0,Non-Binary,Engineering,116936.0,18.0,11.0,No,No
43.0,Male,Sales,47727.0,3.0,16.0,No,No
51.0,Female,Marketing,34358.0,1.0,4.0,No,No
29.0,Female,Sales,95108.0,24.0,1.0,No,No
48.0,Female,Sales,62117.0,25.0,7.0,No,No
48.0,Male,Hr,118700.0,4.0,2.0,No,No
55.0,Non-Binary,Finance,61910.0,6.0,5.0,No,No
42.0,Female,Marketing,85754.0,9.0,7.0,Yes,No
51.0,Female,Sales,92438.0,22.0,4.0,Yes,Yes
54.0,Male,Marketing,59371.0,14.0,5.0,Yes,No
49.0,Female,Engineering,81501.0,28.0,1.0,Yes,No
54.0,Male,Hr,90946.0,12.0,1.0,No,Yes
26.0,Non-Binary,Engineering,68467.0,28.0,15.0,Yes,No
40.0,Male,Marketing,47625.0,25.0,19.0,Yes,No
25.0,Male,Marketing,63893.0,20.0,10.0,Yes,Yes
56.0,Male,Finance,106329.0,24.0,18.0,Yes,No
38.0,Male,Sales,61007.0,25.0,3.0,No,No
49.0,Non-Binary,Sales,69532.0,4.0,11.0,No,No
51.0,Non-Binary,Engineering,84253.0,21.0,15.0,No,No
50.0,Female,Hr,42323.0,24.0,11.0,Yes,No
27.0,Non-Binary,Sales,103379.0,12.0,17.0,No,No
56.0,Non-Binary,Finance,44210.0,10.0,17.0,Yes,No
45.0,Female,Engineering,46456.0,22.0,6.0,No,No
50.0,Non-Binary,Engineering,61367.0,28.0,5.0,No,No
52.0,Male,Finance,84624.0,7.0,8.0,No,No
56.0,Male,Hr,40106.0,3.0,2.0,No,No
54.0,Female,Finance,98008.0,23.0,16.0,No,No
42.0,Female,Hr,102240.0,28.0,12.0,Yes,No
53.0,Female,Finance,94315.0,14.0,6.0,No,No
44.0,Male,Finance,99249.0,24.0,1.0,Yes,No
54.0,Non-Binary,Marketing,100587.0,10.0,4.0,Yes,No
24.0,Male,Engineering,40756.0,16.0,17.0,Yes,Yes
39.0,Female,Finance,98011.0,16.0,13.0,Yes,No
46.0,Non-Binary,Finance,66378.0,22.0,18.0,Yes,No
52.0,Non-Binary,Sales,34255.0,10.0,5.0,No,No
24.0,Male,Engineering,44484.0,25.0,3.0,No,No
45.0,Female,Sales,86549.0,13.0,11.0,No,No
53.0,Male,Engineering,64503.0,6.0,13.0,No,No
43.0,Non-Binary,Sales,103794.0,12.0,4.0,Yes,No
44.0,Male,Finance,75113.0,9.0,14.0,No,Yes
23.0,Male,Finance,104069.0,13.0,11.0,No,No
48.0,Female,Marketing,35249.0,4.0,10.0,Yes,No
23.0,Female,Sales,49201.0,24.0,19.0,Yes,No
47.0,Non-Binary,Hr,88576.0,11.0,18.0,No,No
38.0,Male,Marketing,39686.0,20.0,6.0,No,No
54.0,Male,Sales,83363.0,18.0,15.0,Yes,No
30.0,Male,Sales,30661.0,26.0,10.0,No,No
50.0,Non-Binary,Marketing,74843.0,11.0,5.0,No,No
47.0,Non-Binary,Finance,90963.0,25.0,5.0,No,No
56.0,Female,Sales,72828.0,21.0,10.0,No,No
46.0,Female,Finance,78604.0,4.0,5.0,Yes,No
45.0,Female,Marketing,40526.0,18.0,3.0,Yes,No
34.0,Male,Finance,98910.0,1.0,6.0,Yes,No
28.0,Male,Engineering,55592.0,27.0,4.0,No,No
57.0,Female,Hr,58982.0,7.0,18.0,No,No
41.0,Male,Sales,30207.0,6.0,9.0,No,No
22.0,Female,Hr,118733.0,15.0,17.0,No,No
29.0,Non-Binary,Finance,98619.0,18.0,13.0,No,No
37.0,Female,Sales,59328.0,24.0,15.0,Yes,No
35.0,Non-Binary,Finance,76479.0,11.0,17.0,No,Yes
33.0,Male,Engineering,50103.0,20.0,13.0,No,No
44.0,Female,Marketing,69891.0,24.0,16.0,Yes,No
36.0,Male,Sales,40754.0,15.0,4.0,No,No
49.0,Non-Binary,Engineering,111437.0,16.0,5.0,Yes,No
55.0,Non-Binary,Engineering,102982.0,7.0,5.0,Yes,No
23.0,Non-Binary,Sales,85922.0,21.0,9.0,Yes,No
53.0,Male,Finance,78231.0,10.0,17.0,Yes,Yes
44.0,Male,Engineering,59301.0,26.0,13.0,Yes,No
43.0,Male,Hr,92711.0,12.0,2.0,No,No
46.0,Male,Engineering,71323.0,24.0,13.0,Yes,Yes
43.0,Non-Binary,Finance,48752.0,14.0,19.0,Yes,No
43.0,Non-Binary,Finance,112205.0,25.0,3.0,No,No
27.0,Female,Hr,43395.0,5.0,10.0,No,Yes
36.0,Female,Engineering,115957.0,26.0,2.0,Yes,No
54.0,Male,Finance,86273.0,21.0,13.0,No,No
29.0,Non-Binary,Sales,34895.0,18.0,19.0,No,No
26.0,Non-Binary,Marketing,106559.0,5.0,17.0,Yes,No
25.0,Non-Binary,Marketing,40699.0,3.0,14.0,Yes,No
27.0,Female,Marketing,95061.0,23.0,12.0,No,No
53.0,Female,Engineering,39715.0,26.0,12.0,Yes,No
51.0,Non-Binary,Hr,49169.0,5.0,11.0,Yes,No
56.0,Non-Binary,Finance,46163.0,24.0,7.0,No,No
37.0,Non-Binary,Sales,35782.0,17.0,4.0,Yes,No
34.0,Female,Sales,118177.0,19.0,19.0,Yes,No
51.0,Non-Binary,Engineering,114328.0,19.0,1.0,Yes,Yes
40.0,Non-Binary,Marketing,65585.0,25.0,3.0,Yes,No
38.0,Male,Engineering,60682.0,21.0,13.0,Yes,Yes
40.0,Male,Hr,77864.0,12.0,15.0,No,No
49.0,Female,Hr,114416.0,25.0,2.0,No,No
47.0,Non-Binary,Finance,85114.0,29.0,11.0,Yes,No
47.0,Non-Binary,Finance,68067.0,9.0,4.0,No,No
44.0,Male,Hr,72685.0,1.0,19.0,Yes,No
30.0,Female,Hr,48073.0,18.0,17.0,Yes,Yes
33.0,Male,Hr,66035.0,21.0,3.0,Yes,No
22.0,Male,Engineering,94977.0,4.0,18.0,Yes,No
22.0,Male,Hr,113362.0,10.0,8.0,Yes,No
55.0,Male,Sales,95450.0,25.0,19.0,No,No
53.0,Non-Binary,Marketing,40382.0,7.0,5.0,No,No
46.0,Non-Binary,Hr,34437.0,22.0,7.0,Yes,No
22.0,Male,Marketing,100971.0,23.0,8.0,No,No
37.0,Female,Engineering,94612.0,1.0,5.0,Yes,Yes
26.0,Female,Marketing,91929.0,17.0,17.0,No,Yes
43.0,Female,Engineering,42329.0,24.0,5.0,Yes,Yes
50.0,Female,Sales,55169.0,29.0,4.0,No,No
24.0,Male,Engineering,117468.0,29.0,19.0,Yes,No
33.0,Non-Binary,Engineering,64594.0,2.0,2.0,Yes,No
47.0,Female,Finance,106957.0,28.0,11.0,No,No
37.0,Male,Hr,90631.0,26.0,13.0,No,No
43.0,Female,Hr,75033.0,11.0,15.0,Yes,No
50.0,Female,Sales,93133.0,9.0,12.0,No,No
35.0,Male,Sales,103165.0,7.0,11.0,Yes,Yes
49.0,Non-Binary,Hr,103861.0,22.0,7.0,No,No
26.0,Non-Binary,Finance,82290.0,17.0,5.0,No,No
51.0,Male,Hr,61750.0,17.0,17.0,Yes,No
26.0,Non-Binary,Finance,70461.0,2.0,9.0,No,No
33.0,Male,Sales,103800.0,6.0,14.0,No,No
37.0,Male,Marketing,108222.0,14.0,12.0,Yes,No
47.0,Male,Sales,54226.0,6.0,6.0,No,Yes
47.0,Non-Binary,Sales,36721.0,2.0,17.0,Yes,No
42.0,Male,Engineering,86154.0,1.0,19.0,Yes,No
57.0,Female,Engineering,50609.0,10.0,19.0,Yes,No
54.0,Non-Binary,Engineering,82130.0,21.0,16.0,Yes,No
51.0,Non-Binary,Engineering,102909.0,5.0,12.0,Yes,No
44.0,Non-Binary,Finance,85249.0,2.0,12.0,No,No
31.0,Non-Binary,Hr,78895.0,22.0,6.0,Yes,No
26.0,Female,Marketing,35656.0,16.0,4.0,Yes,No
57.0,Non-Binary,Sales,104520.0,25.0,6.0,No,No
55.0,Non-Binary,Finance,93740.0,2.0,11.0,No,No
52.0,Male,Marketing,94309.0,10.0,1.0,No,No
31.0,Non-Binary,Finance,59984.0,2.0,15.0,Yes,No
40.0,Female,Finance,103822.0,16.0,11.0,Yes,No
53.0,Female,Sales,35901.0,16.0,19.0,Yes,No
22.0,Female,Hr,61552.0,19.0,18.0,No,No
26.0,Female,Engineering,61055.0,29.0,17.0,Yes,No
25.0,Non-Binary,Hr,67685.0,7.0,19.0,No,No
37.0,Non-Binary,Sales,103965.0,22.0,14.0,Yes,No
45.0,Female,Sales,44716.0,12.0,18.0,No,No
37.0,Female,Sales,41138.0,24.0,19.0,Yes,No
23.0,Non-Binary,Marketing,65298.0,15.0,15.0,Yes,Yes
49.0,Female,Hr,81112.0,8.0,15.0,Yes,No
53.0,Male,Hr,53429.0,6.0,4.0,No,No
48.0,Female,Finance,80200.0,28.0,7.0,No,No
41.0,Female,Finance,101308.0,27.0,13.0,Yes,No
45.0,Male,Finance,78244.0,10.0,3.0,Yes,No
33.0,Male,Sales,47347.0,3.0,16.0,Yes,No
56.0,Non-Binary,Hr,46920.0,19.0,9.0,No,No
54.0,Non-Binary,Sales,61822.0,17.0,8.0,Yes,No
54.0,Male,Marketing,76659.0,7.0,13.0,Yes,No
33.0,Male,Finance,70108.0,21.0,17.0,Yes,No
24.0,Non-Binary,Sales,119099.0,20.0,17.0,Yes,No
22.0,Female,Sales,37967.0,26.0,17.0,No,No
54.0,Male,Marketing,41871.0,4.0,1.0,No,No
31.0,Non-Binary,Engineering,107452.0,14.0,8.0,Yes,No
50.0,Female,Hr,104270.0,20.0,19.0,Yes,No
34.0,Male,Engineering,63613.0,22.0,6.0,No,Yes
33.0,Female,Finance,58179.0,15.0,3.0,No,No
52.0,Non-Binary,Sales,82188.0,24.0,5.0,Yes,No
23.0,Male,Marketing,85099.0,8.0,13.0,No,No
56.0,Female,Marketing,65262.0,21.0,15.0,No,No
44.0,Male,Hr,108213.0,15.0,14.0,Yes,No
38.0,Female,Engineering,48268.0,22.0,16.0,No,No
47.0,Non-Binary,Hr,107866.0,20.0,18.0,No,No
29.0,Non-Binary,Sales,116269.0,28.0,11.0,Yes,Yes
50.0,Male,Hr,90545.0,14.0,3.0,Yes,No
47.0,Female,Marketing,102146.0,27.0,10.0,No,No
31.0,Male,Marketing,101966.0,29.0,10.0,Yes,No
47.0,Male,Finance,69922.0,9.0,16.0,No,No
55.0,Female,Finance,109364.0,8.0,12.0,Yes,No
28.0,Female,Sales,72913.0,26.0,2.0,No,No
25.0,Female,Engineering,85677.0,28.0,9.0,Yes,No
32.0,Non-Binary,Hr,79841.0,26.0,3.0,No,No
50.0,Male,Sales,76332.0,17.0,15.0,No,No
57.0,Male,Finance,55032.0,2.0,3.0,No,No
46.0,Non-Binary,Hr,67846.0,25.0,19.0,Yes,No
42.0,Female,Finance,89474.0,24.0,18.0,Yes,No
57.0,Non-Binary,Hr,74936.0,3.0,8.0,No,No
31.0,Non-Binary,Engineering,59794.0,8.0,17.0,No,No
30.0,Non-Binary,Sales,91588.0,12.0,8.0,Yes,No
45.0,Male,Hr,100984.0,1.0,7.0,Yes,Yes
56.0,Non-Binary,Marketing,80331.0,10.0,7.0,Yes,No
56.0,Male,Marketing,58141.0,20.0,3.0,Yes,No
57.0,Male,Hr,39074.0,3.0,1.0,Yes,No
39.0,Male,Hr,36406.0,6.0,4.0,Yes,No
53.0,Female,Hr,53291.0,7.0,5.0,No,No
45.0,Male,Marketing,71568.0,20.0,1.0,Yes,No
44.0,Male,Marketing,76851.0,23.0,15.0,No,No
53.0,Female,Hr,84823.0,25.0,5.0,Yes,No
33.0,Male,Finance,53312.0,27.0,13.0,Yes,No
34.0,Non-Binary,Finance,73108.0,18.0,8.0,No,Yes
44.0,Non-Binary,Engineering,96918.0,11.0,8.0,No,No
46.0,Male,Sales,64171.0,19.0,5.0,Yes,No
56.0,Female,Finance,71779.0,5.0,9.0,No,No
51.0,Non-Binary,Marketing,98828.0,19.0,1.0,No,No
38.0,Female,Finance,42411.0,11.0,4.0,No,No
41.0,Female,Engineering,87009.0,24.0,3.0,No,No
46.0,Non-Binary,Engineering,45422.0,12.0,2.0,Yes,No
43.0,Female,Sales,72468.0,10.0,8.0,No,No
34.0,Non-Binary,Finance,62371.0,8.0,9.0,Yes,Yes
40.0,Female,Marketing,87022.0,24.0,2.0,Yes,Yes
57.0,Non-Binary,Marketing,101229.0,28.0,14.0,Yes,No
33.0,Male,Hr,81196.0,28.0,14.0,Yes,Yes
40.0,Non-Binary,Marketing,110354.0,9.0,4.0,No,Yes
33.0,Non-Binary,Sales,56715.0,4.0,6.0,No,No
30.0,Non-Binary,Sales,57605.0,5.0,11.0,Yes,No
28.0,Non-Binary,Marketing,61174.0,21.0,3.0,Yes,No
49.0,Female,Marketing,39956.0,8.0,8.0,Yes,Yes
35.0,Male,Hr,106373.0,23.0,3.0,Yes,No
52.0,Non-Binary,Marketing,99252.0,9.0,14.0,No,Yes
40.0,Female,Hr,91949.0,15.0,13.0,Yes,No
37.0,Male,Hr,92646.0,15.0,13.0,No,No
26.0,Male,Marketing,100017.0,16.0,2.0,Yes,No
56.0,Male,Engineering,93037.0,14.0,13.0,Yes,No
33.0,Male,Engineering,119818.0,8.0,19.0,Yes,Yes
46.0,Non-Binary,Hr,36548.0,18.0,6.0,Yes,No
42.0,Non-Binary,Marketing,103294.0,10.0,16.0,No,No
57.0,Female,Engineering,53177.0,28.0,2.0,No,No
44.0,Female,Marketing,54022.0,20.0,8.0,No,Yes
37.0,Female,Marketing,35542.0,6.0,17.0,Yes,No
35.0,Male,Marketing,90428.0,12.0,2.0,Yes,No
52.0,Male,Finance,52740.0,2.0,10.0,No,No
26.0,Non-Binary,Marketing,89353.0,7.0,16.0,No,No
56.0,Male,Finance,86532.0,16.0,6.0,Yes,No
44.0,Male,Hr,46052.0,3.0,2.0,Yes,No
50.0,Male,Engineering,77076.0,13.0,2.0,No,No
32.0,Female,Engineering,83420.0,3.0,13.0,Yes,No
39.0,Female,Engineering,30671.0,27.0,15.0,Yes,No
33.0,Non-Binary,Engineering,30163.0,18.0,2.0,No,No
30.0,Male,Engineering,71424.0,11.0,7.0,Yes,No
31.0,Male,Engineering,83744.0,8.0,3.0,No,No
38.0,Non-Binary,Engineering,100331.0,6.0,8.0,Yes,No
28.0,Male,Hr,40634.0,1.0,14.0,No,No
34.0,Male,Marketing,34798.0,28.0,7.0,Yes,No
30.0,Female,Sales,52420.0,1.0,7.0,No,No
48.0,Non-Binary,Finance,59300.0,23.0,1.0,No,No
23.0,Non-Binary,Sales,119881.0,8.0,17.0,No,No
26.0,Non-Binary,Sales,40749.0,5.0,9.0,No,Yes
50.0,Non-Binary,Marketing,55121.0,28.0,13.0,Yes,No
40.0,Female,Marketing,67487.0,16.0,19.0,Yes,No
29.0,Female,Marketing,63361.0,11.0,19.0,No,Yes
22.0,Male,Engineering,51223.0,5.0,17.0,Yes,No
43.0,Male,Hr,102930.0,4.0,10.0,Yes,No
38.0,Male,Engineering,44056.0,6.0,10.0,Yes,Yes
28.0,Male,Hr,58380.0,14.0,4.0,Yes,No
46.0,Female,Hr,56035.0,22.0,8.0,Yes,No
25.0,Non-Binary,Sales,60620.0,19.0,18.0,No,No
57.0,Female,Sales,49877.0,9.0,14.0,No,No
27.0,Male,Hr,85316.0,12.0,18.0,No,No
52.0,Female,Hr,94041.0,11.0,14.0,No,Yes
40.0,Non-Binary,Engineering,83352.0,14.0,15.0,Yes,No
48.0,Non-Binary,Engineering,60911.0,23.0,4.0,Yes,No
31.0,Female,Sales,62784.0,16.0,13.0,No,No
47.0,Female,Marketing,33191.0,1.0,8.0,Yes,Yes
40.0,Female,Hr,63160.0,13.0,18.0,Yes,No
24.0,Male,Engineering,94641.0,23.0,12.0,No,Yes
34.0,Female,Sales,79723.0,21.0,14.0,Yes,Yes
49.0,Female,Engineering,33631.0,21.0,2.0,No,No
41.0,Female,Hr,36172.0,13.0,18.0,No,No
49.0,Non-Binary,Hr,72080.0,2.0,2.0,Yes,No
29.0,Non-Binary,Finance,119097.0,4.0,11.0,Yes,No
22.0,Male,Marketing,50281.0,28.0,9.0,No,No
24.0,Male,Finance,58671.0,6.0,12.0,No,No
34.0,Non-Binary,Sales,81431.0,26.0,17.0,Yes,No
49.0,Non-Binary,Engineering,58602.0,27.0,15.0,No,No
46.0,Non-Binary,Sales,118789.0,23.0,17.0,No,No
54.0,Female,Hr,81399.0,27.0,18.0,No,No
27.0,Female,Finance,53472.0,5.0,6.0,Yes,Yes
53.0,Non-Binary,Finance,79230.0,25.0,17.0,No,No
42.0,Female,Finance,103616.0,3.0,18.0,Yes,Yes
37.0,Female,Sales,37099.0,1.0,8.0,No,No
42.0,Male,Hr,55431.0,4.0,9.0,Yes,No
32.0,Non-Binary,Engineering,86492.0,25.0,6.0,No,Yes
57.0,Non-Binary,Engineering,77684.0,20.0,5.0,Yes,No
56.0,Female,Sales,60111.0,2.0,12.0,Yes,No
40.0,Non-Binary,Finance,93936.0,26.0,11.0,Yes,No
41.0,Male,Marketing,52614.0,5.0,1.0,No,No
39.0,Male,Sales,71991.0,3.0,11.0,No,No
35.0,Male,Sales,100476.0,29.0,19.0,No,No
36.0,Non-Binary,Hr,90920.0,28.0,9.0,Yes,No
52.0,Non-Binary,Engineering,93530.0,29.0,2.0,No,No
22.0,Non-Binary,Sales,66224.0,9.0,12.0,Yes,No
24.0,Non-Binary,Sales,37788.0,20.0,4.0,No,No
37.0,Non-Binary,Finance,58082.0,6.0,4.0,Yes,No
44.0,Male,Finance,119570.0,18.0,18.0,Yes,No
32.0,Female,Marketing,106816.0,6.0,15.0,Yes,Yes
33.0,Male,Hr,113588.0,19.0,19.0,No,No
31.0,Non-Binary,Marketing,46531.0,28.0,13.0,No,No
53.0,Male,Finance,118340.0,12.0,19.0,No,No
37.0,Non-Binary,Engineering,74857.0,25.0,17.0,Yes,No
29.0,Non-Binary,Finance,40142.0,11.0,6.0,Yes,No
33.0,Male,Hr,78355.0,2.0,16.0,No,No
45.0,Non-Binary,Finance,39866.0,15.0,12.0,No,No
49.0,Female,Hr,100067.0,12.0,19.0,No,Yes
29.0,Non-Binary,Hr,94027.0,12.0,5.0,Yes,No
49.0,Female,Hr,87906.0,9.0,17.0,Yes,No
57.0,Female,Hr,58138.0,21.0,1.0,Yes,No
47.0,Non-Binary,Hr,59956.0,24.0,10.0,Yes,No
29.0,Male,Engineering,106295.0,2.0,15.0,Yes,No
49.0,Female,Marketing,35439.0,22.0,11.0,No,No
49.0,Male,Sales,77241.0,3.0,13.0,Yes,No
57.0,Female,Marketing,72533.0,12.0,5.0,Yes,No
48.0,Non-Binary,Hr,58270.0,28.0,1.0,Yes,No
38.0,Non-Binary,Engineering,108815.0,26.0,12.0,Yes,Yes
30.0,Female,Finance,69279.0,16.0,11.0,Yes,No
54.0,Non-Binary,Engineering,53888.0,21.0,17.0,No,Yes
41.0,Female,Hr,47630.0,28.0,4.0,Yes,No
34.0,Non-Binary,Engineering,91063.0,24.0,15.0,Yes,Yes
49.0,Male,Engineering,65144.0,26.0,9.0,Yes,No
50.0,Non-Binary,Hr,82161.0,1.0,19.0,No,No
34.0,Male,Engineering,107360.0,21.0,19.0,No,No
56.0,Non-Binary,Sales,80979.0,3.0,12.0,No,Yes
27.0,Male,Sales,36979.0,20.0,5.0,Yes,Yes
39.0,Non-Binary,Engineering,56189.0,2.0,10.0,No,Yes
26.0,Male,Finance,72600.0,9.0,17.0,Yes,Yes
46.0,Female,Hr,89560.0,19.0,5.0,Yes,No
23.0,Female,Sales,108040.0,15.0,16.0,No,No
31.0,Male,Finance,91558.0,18.0,7.0,Yes,No
51.0,Non-Binary,Engineering,116205.0,26.0,9.0,Yes,Yes
26.0,Male,Finance,36910.0,11.0,3.0,Yes,No
54.0,Non-Binary,Marketing,87713.0,25.0,15.0,No,No
22.0,Female,Sales,76857.0,23.0,16.0,Yes,No
39.0,Non-Binary,Engineering,64964.0,16.0,18.0,Yes,No
53.0,Female,Hr,115667.0,22.0,14.0,No,No
32.0,Non-Binary,Engineering,55227.0,17.0,3.0,Yes,Yes
42.0,Non-Binary,Hr,35978.0,5.0,12.0,Yes,No
47.0,Non-Binary,Engineering,117527.0,12.0,9.0,No,No
46.0,Male,Finance,47153.0,11.0,7.0,Yes,Yes
43.0,Male,Finance,89765.0,15.0,9.0,Yes,No
48.0,Female,Finance,69071.0,27.0,13.0,Yes,No
34.0,Female,Marketing,99519.0,3.0,18.0,Yes,Yes
54.0,Male,Hr,39503.0,1.0,5.0,Yes,No
55.0,Female,Finance,90703.0,20.0,13.0,No,No
56.0,Male,Marketing,94379.0,29.0,4.0,No,No
22.0,Non-Binary,Hr,87866.0,16.0,2.0,No,Yes
42.0,Female,Engineering,46905.0,2.0,16.0,No,No
27.0,Female,Marketing,75838.0,2.0,9.0,Yes,No
49.0,Male,Sales,88279.0,3.0,9.0,Yes,No
38.0,Female,Marketing,119489.0,8.0,6.0,Yes,No
26.0,Female,Marketing,56806.0,24.0,11.0,Yes,Yes
52.0,Non-Binary,Hr,75000.0,28.0,1.0,Yes,Yes
26.0,Female,Engineering,52168.0,15.0,4.0,No,No
24.0,Non-Binary,Sales,100119.0,7.0,13.0,No,No
44.0,Male,Finance,68714.0,6.0,13.0,Yes,No
31.0,Female,Finance,84093.0,9.0,13.0,Yes,No
31.0,Non-Binary,Marketing,85419.0,20.0,2.0,Yes,No
40.0,Male,Hr,79145.0,28.0,9.0,No,No
38.0,Female,Hr,107425.0,1.0,8.0,Yes,No
42.0,Male,Finance,107811.0,8.0,7.0,Yes,No
35.0,Female,Sales,32461.0,23.0,4.0,Yes,No
30.0,Male,Engineering,44291.0,23.0,18.0,No,No
22.0,Male,Sales,76804.0,3.0,3.0,Yes,No
34.0,Non-Binary,Engineering,106971.0,4.0,6.0,No,No
25.0,Male,Finance,94946.0,26.0,12.0,No,No
22.0,Female,Engineering,114080.0,25.0,12.0,No,Yes
53.0,Female,Hr,91332.0,15.0,8.0,No,Yes
55.0,Non-Binary,Marketing,107794.0,6.0,1.0,No,No
49.0,Female,Marketing,60841.0,15.0,4.0,No,No
